Insert into OPUS_PERMISSION
   (OPRM_ID, OPRM_NAME, OPRM_DESCRIPTION,  OPRM_APPLICATION)
 Values
   (2, 'PERM_ACCS_1', 'Minimum level permission for entry to Access system.',  'ACCS');
Insert into OPUS_PERMISSION
   (OPRM_ID, OPRM_NAME, OPRM_DESCRIPTION,  OPRM_APPLICATION)
 Values
   (3, 'PERM_CIS_READ_ONLY', 'Minimum level permission into CIS', 'CIS');
Insert into OPUS_PERMISSION
   (OPRM_ID, OPRM_NAME, OPRM_DESCRIPTION,  OPRM_APPLICATION)
 Values
   (4, 'PERM_CORE_OPUS', 'Minimum level permission into OPUS', 'OPUS');
COMMIT;
   
 Insert into OPUS_ROLE
   (OROL_ID, OROL_NAME, OROL_DESCRIPTION, OROL_APPLICATION)
 Values
   (1, 'CORE OPUS', 'CORE OPUS', 'OPUS');
Insert into OPUS_ROLE
   (OROL_ID, OROL_NAME, OROL_DESCRIPTION, OROL_APPLICATION)
 Values
   (6, 'MPER Basic User', 'Basic R/O',  'MPER');
Insert into OPUS_ROLE
   (OROL_ID, OROL_NAME, OROL_DESCRIPTION,  OROL_APPLICATION)
 Values
   (13, 'OPUS Maintenance', 'OPUS Team Maintenance',  'OPUS');
 COMMIT;

    
INSERT INTO User (OSTA_ID, OSTA_USERNAME, OSTA_PASSWORD, OSTA_SALARY, OSTA_AGE, OSTA_EMAIL, OSTA_ENABLED, OSTA_ACCOUNTNONLOCKED, OSTA_ACCOUNTNONEXPIRED, OSTA_CREDENTIALSNONEXPIRED, OSTA_CREATION_DATE) 
VALUES (1, 'Mary.Harrow@gmp.police.uk', '$2a$04$I9Q2sDc4QGGg5WNTLmsz0.fvGv3OjoZyj81PrSFyGOqMphqfS2qKu', 3456, 33,'Mary.Harrow@gmp.police.uk', 1,1,1,1,TO_DATE('11/29/2018 00:00:00', 'MM/DD/YYYY HH24:MI:SS'));

INSERT INTO User (OSTA_ID, OSTA_USERNAME, OSTA_PASSWORD, OSTA_SALARY, OSTA_AGE, OSTA_EMAIL, OSTA_ENABLED, OSTA_ACCOUNTNONLOCKED, OSTA_ACCOUNTNONEXPIRED, OSTA_CREDENTIALSNONEXPIRED, OSTA_CREATION_DATE) 
VALUES (2, 'Richard.Lucas@gmp.police.uk', '$2a$04$I9Q2sDc4QGGg5WNTLmsz0.fvGv3OjoZyj81PrSFyGOqMphqfS2qKu', 3456, 33,'Richard.Lucas@gmp.police.uk', 1,1,1,1,TO_DATE('11/29/2018 00:00:00', 'MM/DD/YYYY HH24:MI:SS'));

INSERT INTO User (OSTA_ID, OSTA_USERNAME, OSTA_PASSWORD, OSTA_SALARY, OSTA_AGE, OSTA_EMAIL, OSTA_ENABLED, OSTA_ACCOUNTNONLOCKED, OSTA_ACCOUNTNONEXPIRED, OSTA_CREDENTIALSNONEXPIRED, OSTA_CREATION_DATE) 
VALUES (3, 'Tom.Harrow@gmp.police.uk', '$2a$04$PCIX2hYrve38M7eOcqAbCO9UqjYg7gfFNpKsinAxh99nms9e.8HwK', 7823, 23,'Tom.Harrow@gmp.police.uk', 1,1,1,1,TO_DATE('11/29/2018 00:00:00', 'MM/DD/YYYY HH24:MI:SS'));

INSERT INTO User (OSTA_ID, OSTA_USERNAME, OSTA_PASSWORD, OSTA_SALARY, OSTA_AGE, OSTA_EMAIL, OSTA_ENABLED, OSTA_ACCOUNTNONLOCKED, OSTA_ACCOUNTNONEXPIRED, OSTA_CREDENTIALSNONEXPIRED, OSTA_CREATION_DATE) 
VALUES (4, 'Adam.Harrow@gmp.police.uk', '$2a$04$I9Q2sDc4QGGg5WNTLmsz0.fvGv3OjoZyj81PrSFyGOqMphqfS2qKu', 4234, 45,'Adam.Harrow@gmp.police.uk', 1,1,1,1,TO_DATE('11/29/2018 00:00:00', 'MM/DD/YYYY HH24:MI:SS'));
COMMIT;

Insert into OPUS_STAFF_ROLE_LINK
   (OSRL_ID, OSRL_OSTA_ID, OSRL_OROL_ID, OSRL_SOURCE_SYSTEM)
 Values
   (1, 1, 6, 'FIS');
 Insert into OPUS_STAFF_ROLE_LINK
   (OSRL_ID, OSRL_OSTA_ID, OSRL_OROL_ID, OSRL_SOURCE_SYSTEM)
 Values
   (2, 1, 13, 'OPU_CDM');

Insert into OPUS_STAFF_ROLE_LINK
   (OSRL_ID, OSRL_OSTA_ID, OSRL_OROL_ID, OSRL_SOURCE_SYSTEM)
 Values
   (3, 2, 6, 'FIS');
Insert into OPUS_STAFF_ROLE_LINK
   (OSRL_ID, OSRL_OSTA_ID, OSRL_OROL_ID, OSRL_SOURCE_SYSTEM)
 Values
   (4, 2, 1, 'FIS');
Insert into OPUS_STAFF_ROLE_LINK
   (OSRL_ID, OSRL_OSTA_ID, OSRL_OROL_ID, OSRL_SOURCE_SYSTEM)
 Values
   (5, 2, 13, 'OPU_CDM');
COMMIT;


Insert into OPUS_STAFF_ROLE_LINK
   (OSRL_ID, OSRL_OSTA_ID, OSRL_OROL_ID, OSRL_SOURCE_SYSTEM)
 Values
   (1, 3, 6, 'FIS');
 Insert into OPUS_STAFF_ROLE_LINK
   (OSRL_ID, OSRL_OSTA_ID, OSRL_OROL_ID, OSRL_SOURCE_SYSTEM)
 Values
   (2, 3, 13, 'OPU_CDM');
   
   
  Insert into OPUS_STAFF_ROLE_LINK
   (OSRL_ID, OSRL_OSTA_ID, OSRL_OROL_ID, OSRL_SOURCE_SYSTEM)
 Values
   (1, 4, 6, 'FIS');
 Insert into OPUS_STAFF_ROLE_LINK
   (OSRL_ID, OSRL_OSTA_ID, OSRL_OROL_ID, OSRL_SOURCE_SYSTEM)
 Values
   (2, 4, 13, 'OPU_CDM'); 
   
   
Insert into OPUS_STAFF_ATTEMPTS
(OSA_ATTEMPTS, OSA_LASTMODIFIED, OSA_EMAIL)
Values
  (0,'2017-09-09','Richard.Lucas@gmp.police.uk');
COMMIT;  
   
   
Insert into transaction (id, type, account, amount, date) 
Values
  (-1, 'debit', -1, 100, '2017-01-01'),
  (-2, 'debit', -1, 100, '2017-01-05'),
  (-3, 'debit', -1, 100, '2017-01-05'),
  (-4, 'debit', -1, 100, '2017-01-07'),
  (-5, 'debit', -2, 100, '2017-01-01'),
  (-6, 'debit', -2, 100, '2017-01-04'),
  (-7, 'debit', -3, 100, '2017-01-06'),
  (-8, 'debit', -3, 100, '2017-01-07'),
  (-9, 'debit', -3, 100, '2017-01-08'),
  (-10, 'debit', -4, 100, '2017-02-01');
COMMIT;  

